{
  "last_run": "2026-07-11T04:58:38.823287+00:00",
  "last_added": 100,
  "runs": 13,
  "last_added_ids": [
    "2607.08768",
    "2607.08763",
    "2607.08758",
    "2607.08757",
    "2607.08756",
    "2607.08754",
    "2607.08748",
    "2607.08746",
    "2607.08745",
    "2607.08741",
    "2607.08740",
    "2607.08734",
    "2607.08733",
    "2607.08731",
    "2607.08725",
    "2607.08724",
    "2607.08717",
    "2607.08716",
    "2607.08711",
    "2607.08703",
    "2607.08700",
    "2607.08691",
    "2607.08690",
    "2607.08681",
    "2607.08665",
    "2607.08662",
    "2607.08659",
    "2607.08652",
    "2607.08651",
    "2607.08647",
    "2607.08646",
    "2607.08643",
    "2607.08642",
    "2607.08641",
    "2607.08625",
    "2607.08605",
    "2607.08602",
    "2607.08601",
    "2607.08595",
    "2607.08590",
    "2607.08581",
    "2607.08579",
    "2607.08573",
    "2607.08565",
    "2607.08561",
    "2607.08555",
    "2607.08554",
    "2607.08545",
    "2607.08541",
    "2607.08540"
  ]
}